1,山,山,やま,পাহাড়,1
2,山,ふじ山,ふじさん,ফুজি পর্বত,
3,山,登山,とざん,পর্বতারোহণ,
4,川,川,かわ,নদী,
5,川,山川さん,やまかわさん,মি. ইয়ামাকাওয়া,
6,川,インダス川,インダスがわ,সিন্ধু নদী,
7,田,田んぼ,たんぼ,ধানের ক্ষেত,
8,田,山田さん,やまださん,মি. ইয়ামাদা,
9,田,水田,すいでん,ধানক্ষেত,
10,田,油田,ゆでん,তেলক্ষেত্র,
11,日,日,ひ,সূর্য,
12,日,日曜日,にちようび,রবিবার,
13,日,日本,にほん,জাপান,
14,日,休日,きゅうじつ,ছুটির দিন,
15,月,月,つき,চাঁদ,
16,月,月曜日,げつようび,সোমবার,
17,月,１月,いちがつ,জানুয়ারি,
18,月,今月,こんげつ,এই মাস,
19,火,火,ひ,আগুন,
20,火,火曜日,かようび,মঙ্গলবার,
21,火,火山,かざん,আগ্নেয়গিরি,
22,火,火事,かじ,অগ্নিকাণ্ড,
23,水,水,みず,পানি,
24,水,水曜日,すいようび,বুধবার,
25,水,水田,すいでん,ধানক্ষেত,
26,水,水道,すいどう,পানির সরবরাহ ব্যবস্থা,
27,木,木,き,গাছ,
28,木,木曜日,もくようび,বৃহস্পতিবার,
29,金,お金,おかね,টাকা,
30,金,金,きん,সোনা,
31,金,金曜日,きんようび,শুক্রবার,
32,土,土,つち,মাটি,
33,土,土曜日,どようび,শনিবার,
34,土,土地,とち,জমি,
35,一,一つ,ひとつ,একটি (বস্তু),
36,一,一月,いちがつ,জানুয়ারি,
37,一,一日,ついたち,মাসের ১ তারিখ,
38,一,一日,いちにち,এক দিন,
39,二,二つ,ふたつ,দুটি (বস্তু),
40,二,二月,にがつ,ফেব্রুয়ারি,
41,二,二日,ふつか,মাসের ২ তারিখ,
42,二,二人,つたり,দুই জন,
43,三,三つ,みっつ,তিনটি (বস্তু),
44,三,三月,さんがつ,মার্চ,
45,三,三日,みっか,মাসের ৩ তারিখ,
46,三,三角,さんかく,ত্রিভুজ,
47,四,四,よん,চার,
48,四,四つ,よっつ,চারটি (বস্তু),
49,四,四月,しがつ,এপ্রিল,
50,四,四日,よっか,মাসের ৪ তারিখ,
51,五,五つ,いつつ,পাঁচটি (বস্তু),
52,五,五月,ごがつ,মে,
53,五,五日,いつか,মাসের ৫ তারিখ,
54,五,五円,ごえん,পাঁচ ইয়েন,
55,六,六つ,むっつ,ছয়টি (বস্তু),
56,六,六月,ろくがつ,জুন,
57,六,六日,むいか,মাসের ৬ তারিখ,
58,六,六本木,ろっぽんぎ,রোপ্পোঙ্গি,
59,七,七,なな,সাত,
60,七,七つ,ななつ,সাতটি (বস্তু),
61,七,七月,しちがつ,জুলাই,
62,七,七日,なのか,মাসের ৭ তারিখ,
63,八,八つ,やっつ,আটটি (বস্তু),
64,八,八月,はちがつ,আগস্ট,
65,八,八日,ようか,মাসের ৮ তারিখ,
66,八,八百屋,やおや,সবজির দোকান,
67,九,九つ,ここのつ,নয়টি (বস্তু),
68,九,九月,くがつ,সেপ্টেম্বর,
69,九,九日,ここのか,মাসের ৯ তারিখ,
70,九,九州,きゅうしゅう,কিউশু,
71,十,十,とお/じゅう,দশ,
72,十,十月,じゅうがつ,অক্টোবর,
73,十,十日,とおか,মাসের ১০ তারিখ,
74,十,十分な,じゅうぶんな,যথেষ্ট,
75,百,百,ひゃく,একশ,
76,百,三百,さんびゃく,তিনশ,
77,百,六百,ろっぴゃく,ছয়শ,
78,百,百科事典,ひゃっかじてん,বিশ্বকোষ,
79,千,千,せん,এক হাজার,
80,千,二千,にせん,দুই হাজার,
81,千,三千,さんぜん,তিন হাজার,
82,千,千葉県,ちばけん,চিবা প্রিফেকচার,
83,万,万,まん,দশ হাজার,
84,万,一万,いちまん,দশ হাজার,
85,万,万国,ばんこく,সমস্ত জাতি,
86,万,万年筆,まんねんひつ,ফাউন্টেন পেন,
87,円,円,えん,"ইয়েন, বৃত্ত",
88,円,四万円,よんまんえん,চল্লিশ হাজার ইয়েন,
89,円,円高,えんだか,ইয়েনের মূল্যবৃদ্ধি,
90,年,年,とし,"বছর, বয়স",
91,年,二千年,にせんねん,২০০০ সাল,
92,年,来年,らいねん,আগামী বছর,
93,年,年金,ねんきん,পেনশন,
94,上,上,うえ,"উপরে, ওপর",
95,上,上がる,あがる,উপরে ওঠা,
96,上,水上スキー,すいじょうスキー,ওয়াটার স্কিইং,
97,上,上着,うわぎ,জ্যাকেট,
98,下,下,した,"নিচে, তলায়",
99,下,下がる,さがる,নিচে নামা,
100,下,上下,じょうげ,উপর-নিচ,
101,下,地下鉄,ちかてつ,পাতাল রেল,
102,中,中,なか,ভিতরে,
103,中,一日中,いちにちじゅう,সারাদিন,
104,中,中学,ちゅうがく,জুনিয়র হাই স্কুল,
105,中,中心,ちゅうしん,কেন্দ্র,
106,半,半年,はんとし,অর্ধ বছর,
107,半,半分,はんぶん,অর্ধেক,
108,半,四時半,よじはん,সাড়ে চারটা,
109,半,半日,はんにち,অর্ধেক দিন,
110,分,分ける,わける,ভাগ করা,
111,分,分かる,わかる,বোঝা,
112,分,10分,じゅっぷん,১০ মিনিট,
113,分,十分,じゅうぶん,যথেষ্ট,
114,人,人,ひと,মানুষ,
115,人,一人,ひとり,একজন,
116,人,三人,さんにん,তিনজন,
117,人,日本人,にほんじん,জাপানি,
118,子,子ども,こども,শিশু,
119,子,女子,じょし,মেয়ে,
120,子,親子,おやこ,মা-বাবা ও সন্তান,
121,子,調子,ちょうし,অবস্থা,
122,女,女の人,おんなのひと,মহিলা,
123,女,女の子,おんなのこ,মেয়ে,
124,女,女性,じょせい,মহিলা,
125,男,男の子,おとこのこ,ছেলে,
126,男,男女,だんじょ,পুরুষ ও মহিলা,
127,男,長男,ちょうなん,বড় ছেলে,
128,男,男性,だんせい,পুরুষ,
129,目,目,め,চোখ,
130,目,一日目,いちにちめ,প্রথম দিন,
131,目,目薬,めぐすり,চোখের ওষুধ,
132,目,目的,もくてき,উদ্দেশ্য,
133,口,口,くち,মুখ,
134,口,入り口,いりぐち,প্রবেশদ্বার,
135,口,人口,じんこう,জনসংখ্যা,
136,口,非常口,ひじょうぐち,জরুরি বহির্গমন পথ,
137,耳,耳,みみ,কান,
138,耳,耳鼻科,じびか,কান-নাক-গলা চিকিৎসা বিভাগ,
139,手,手,て,হাত,
140,手,上手な,じょうずな,দক্ষ,
141,手,下手な,へたな,অদক্ষ,
142,手,手紙,てがみ,চিঠি,
143,足,足,あし,পা,
144,足,一足,いっそく,এক জোড়া (জুতা),
145,足,足りる,たりる,যথেষ্ট হওয়া,
146,足,遠足,えんそく,ভ্রমণ,
147,力,力,ちから,শক্তি,
148,力,水力,すいりょく,জলশক্তি,
149,力,体力,たいりょく,শারীরিক শক্তি,
150,父,父,ちち,বাবা,
151,父,お父さん,おとうさん,বাবা,
152,父,父親,ちちおや,পিতা,
153,母,母,はは,মা,
154,母,お母さん,おかあさん,মা,
155,母,父母,ふぼ,বাবা-মা,
156,母,母国,ぼこく,মাতৃভূমি,
157,先,先,さき,সামনে / ভবিষ্যৎ,
158,先,先月,せんげつ,গত মাস,
159,先,先輩,せんぱい,সিনিয়র,
160,生,生まれる,うまれる,জন্মগ্রহণ করা,
161,生,先生,せんせい,শিক্ষক,
162,生,生きる,いきる,বেঁচে থাকা,
163,生,生活,せいかつ,জীবনযাপন,
164,学,学生,がくせい,শিক্ষার্থী,
165,学,大学,だいがく,বিশ্ববিদ্যালয়,
166,学,科学,かがく,বিজ্ঞান,
167,学,留学する,りゅうがくする,বিদেশে পড়াশোনা করা,
168,校,学校,がっこう,বিদ্যালয়,
169,校,校長,こうちょう,প্রধান শিক্ষক,
170,校,小学校,しょうがっこう,প্রাথমিক বিদ্যালয়,
171,校,母校,ぼこう,নিজের সাবেক শিক্ষাপ্রতিষ্ঠান,
172,友,友達,ともだち,বন্ধু,
173,友,友人,ゆうじん,বন্ধু,
174,友,親友,しんゆう,ঘনিষ্ঠ বন্ধু,
175,本,本,ほん,বই,
176,本,日本,にほん / にっぽん,জাপান,
177,本,本屋,ほんや,বইয়ের দোকান,
178,本,山本さん,やまもとさん,মি./মিস ইয়ামামোতো,
179,毎,毎日,まいにち,প্রতিদিন,
180,毎,毎月,まいつき,প্রতি মাসে,
181,毎,毎年,まいとし / まいねん,প্রতি বছর,
182,毎,毎朝,まいあさ,প্রতিদিন সকালে,
183,何,何,なに,কি,
184,何,何月,なんがつ,কোন মাস,
185,何,何人,なんにん,কতজন মানুষ,
186,何,何時,なんじ,কয়টা বাজে,
187,前,前,まえ,সামনে / আগে,
188,前,三日前,みっかまえ,তিন দিন আগে,
189,前,前半,ぜんはん,প্রথমার্ধ,
190,後,後,あと,পরে,
191,後,後ろ,うしろ,পেছনে,
192,後,前後,ぜんご,সামনে-পেছনে,
193,後,最後,さいご,শেষ,
194,外,外,そと,বাইরে,
195,外,外国,がいこく,বিদেশ,
196,左,左,ひだり,বাম,
197,左,左手,ひだりて,বাম হাত,
198,左,左側,ひだりがわ,বাম দিক,
199,右,右,みぎ,ডান,
200,右,右手,みぎて,ডান হাত,
201,右,左右,さゆう,বাম ও ডান,
202,右,右側,みぎがわ,ডান দিক,
203,東,東,ひがし,পূর্ব,
204,東,東口,ひがしぐち,পূর্ব গেট,
205,東,東京,とうきょう,টোকিও,
206,東,東洋,とうよう,প্রাচ্য,
207,西,西,にし,পশ্চিম,
208,西,西口,にしぐち,পশ্চিম গেট,
209,西,東西,とうざい,পূর্ব ও পশ্চিম,
210,西,西洋,せいよう,পাশ্চাত্য,
211,南,南,みなみ,দক্ষিণ,
212,南,南口,みなみぐち,দক্ষিণ গেট,
213,南,東南アジア,とうなんアジア,দক্ষিণ-পূর্ব এশিয়া,
214,南,南極,なんきょく,দক্ষিণ মেরু / অ্যান্টার্কটিকা,
215,北,北,きた,উত্তর,
216,北,北口,きたぐち,উত্তর গেট,
217,北,南北,なんぼく,উত্তর ও দক্ষিণ,
218,北,北海道,ほっかいどう,হোক্কাইদো,
219,名,名前,なまえ,নাম,
220,名,十名,じゅうめい,১০ জন,
221,名,有名な,ゆうめいな,বিখ্যাত,
222,名,人名,じんめい,ব্যক্তির নাম,
223,牛,牛,うし,গরু,
224,牛,水牛,すいぎゅう,মহিষ,
225,牛,牛肉,ぎゅうにく,গরুর মাংস,
226,牛,牛乳,ぎゅうにゅう,গরুর দুধ,
227,馬,馬,うま,ঘোড়া,
228,馬,馬車,ばしゃ,ঘোড়ার গাড়ি,
229,馬,トロイの木馬,トロイのもくば,ট্রয়ের ঘোড়া,
230,馬,乗馬,じょうば,ঘোড়ায় চড়া,
231,魚,魚,さかな,মাছ,
232,魚,金魚,きんぎょ,গোল্ডফিশ,
233,魚,人魚,にんぎょ,মৎসকন্যা,
234,貝,貝,かい,ঝিনুক,
235,貝,貝がら,かいがら,ঝিনুকের খোলস,
236,雨,雨,あめ,বৃষ্টি,
237,雨,大雨,おおあめ,ভারী বৃষ্টি,
238,雨,雨期,うき,বর্ষাকাল,
239,天,天,てん,স্বর্গ,
240,天,天気,てんき,আবহাওয়া,
241,天,天国,てんごく,স্বর্গ,
242,気,天気,てんき,আবহাওয়া,
243,気,人気,にんき,জনপ্রিয়তা,
244,気,気をつける,きをつける,সাবধান থাকা,
245,気,気持ち,きもち,অনুভূতি,
246,車,車,くるま,গাড়ি,
247,車,電車,でんしゃ,ট্রেন,
248,車,自動車,じどうしゃ,মোটরগাড়ি,
249,門,門,もん,ফটক,
250,門,正門,せいもん,প্রধান ফটক,
251,門,専門,せんもん,বিশেষজ্ঞতার ক্ষেত্র,
252,午,午前,ごぜん,সকাল / পূর্বাহ্ন,
253,午,午後,ごご,বিকেল / অপরাহ্ন,
254,大,大きい,おおきい,বড়,
255,大,大学,だいがく,বিশ্ববিদ্যালয়,
256,大,アジア大会,アジアたいかい,এশিয়ান গেমস,
257,大,大人,おとな,প্রাপ্তবয়স্ক,
258,小,小さい,ちいさい,ছোট,
259,小,小川,おがわ,ছোট নদী / ঝরনা,
260,小,小学校,しょうがっこう,প্রাথমিক বিদ্যালয়,
261,小,子犬,こいぬ,কুকুরছানা,
262,高,高い,たかい,উঁচু / দামি,
263,高,高校生,こうこうせい,হাই স্কুলের শিক্ষার্থী,
264,高,円高,えんだか,ইয়েনের মূল্যবৃদ্ধি,
265,安,安い,やすい,সস্তা,
266,安,安心する,あんしんする,নিশ্চিন্ত হওয়া,
267,安,安全,あんぜん,নিরাপত্তা,
268,新,新しい,あたらしい,নতুন,
269,新,新聞,しんぶん,সংবাদপত্র,
270,新,新人,しんじん,নবাগত,
271,新,新年,しんねん,নতুন বছর,
272,古,古い,ふるい,পুরোনো,
273,古,中古車,ちゅうこしゃ,ব্যবহৃত গাড়ি,
274,長,長い,ながい,লম্বা,
275,長,社長,しゃちょう,কোম্পানির সভাপতি,
276,長,学長,がくちょう,বিশ্ববিদ্যালয়ের উপাচার্য,
277,長,校長,こうちょう,প্রধান শিক্ষক,
278,多,多い,おおい,অনেক,
279,多,多少,たしょう,অল্প,
280,多,多数決,たすうけつ,সংখ্যাগরিষ্ঠের সিদ্ধান্ত,
281,少,少ない,すくない,কম,
282,少,少し,すこし,অল্প,
283,少,少年,しょうねん,বালক,
284,少,少女,しょうじょ,বালিকা,
285,早,早い,はやい,তাড়াতাড়ি / আগে,
286,早,早朝,そうちょう,ভোরবেলা,
287,早,早送り,はやおくり,দ্রুত এগিয়ে নেওয়া,
288,行,行く,いく,যাওয়া,
289,行,行き方,いきかた,যাওয়ার উপায়,
290,行,銀行,ぎんこう,ব্যাংক,
291,行,三行目,さんぎょうめ,তৃতীয় লাইন,
292,来,来る,くる,আসা,
293,来,来年,らいねん,আগামী বছর,
294,来,来週,らいしゅう,আগামী সপ্তাহ,
295,来,将来,しょうらい,ভবিষ্যৎ,
296,食,食べる,たべる,খাওয়া,
297,食,外食する,がいしょくする,বাইরে খাওয়া,
298,食,食料品,しょくりょうひん,মুদিখানার সামগ্রী,
299,食,食堂,しょくどう,খাবার ঘর,
300,見,見る,みる,দেখা,
301,見,みせる,みせる,দেখানো,
302,見,見学する,けんがくする,শিক্ষামূলকভাবে পরিদর্শন করা,
303,見,意見,いけん,মতামত,
304,入,入る,はいる,প্রবেশ করা,
305,入,入れる,いれる,ভেতরে রাখা,
306,入,入り口,いりぐち,প্রবেশদ্বার,
307,入,入学する,にゅうがくする,বিদ্যালয়ে ভর্তি হওয়া,
308,出,出る,でる,বের হওয়া,
309,出,出す,だす,বের করা,
310,出,出口,でぐち,বাহির হওয়ার পথ,
311,出,出席する,しゅっせきする,উপস্থিত থাকা,
312,立,立つ,たつ,দাঁড়ানো,
313,立,立食パーティー,りっしょくパーティー,দাঁড়িয়ে খাওয়ার পার্টি,
314,立,国立大学,こくりつだいがく,জাতীয় বিশ্ববিদ্যালয়,
315,書,書く,かく,লেখা,
316,書,読書,どくしょ,বই পড়া,
317,書,下書き,したがき,খসড়া,
318,書,辞書,じしょ,অভিধান,
319,言,言う,いう,বলা,
320,言,言語,げんご,ভাষা,
321,言,伝言,でんごん,বার্তা,
322,飲,飲む,のむ,পান করা,
323,飲,飲み物,のみもの,পানীয়,
324,飲,飲食店,いんしょくてん,খাবার ও পানীয়ের দোকান,
325,話,話す,はなす,কথা বলা,
326,話,話,はなし,গল্প,
327,話,電話,でんわ,টেলিফোন,
328,話,会話,かいわ,কথোপকথন,
329,読,読む,よむ,পড়া,
330,読,読書,どくしょ,বই পড়া,
331,語,日本語,にほんご,জাপানি ভাষা,
332,語,中国語,ちゅうごくご,চীনা ভাষা,
333,語,外国語,がいこくご,বিদেশি ভাষা,
334,間,あいだ,あいだ,মাঝে,
335,間,時間,じかん,সময়,
336,間,一年間,いちねんかん,এক বছর ধরে,
337,間,間に合う,まにあう,সময়মতো হওয়া,
338,聞,聞く,きく,শোনা,
339,聞,聞こえる,きこえる,শোনা যায়,
340,聞,新聞,しんぶん,সংবাদপত্র,
341,買,買う,かう,কেনা,
342,買,買い物する,かいものする,কেনাকাটা করা,
343,買,売買する,ばいばいする,কেনাবেচা করা,
344,休,休む,やすむ,বিশ্রাম নেওয়া,
345,休,休み,やすみ,ছুটি,
346,休,休日,きゅうじつ,ছুটির দিন,
347,休,夏休み,なつやすみ,গ্রীষ্মকালীন ছুটি,
348,時,とき,とき,সময় / যখন,
349,時,４時,よじ,চারটা,
350,時,時間,じかん,এক ঘণ্টা,
351,時,時計,とけい,ঘড়ি,
352,週,一週間,いっしゅうかん,এক সপ্তাহ,
353,週,来週,らいしゅう,আগামী সপ্তাহ,
354,週,先週,せんしゅう,গত সপ্তাহ,
355,週,今週,こんしゅう,এই সপ্তাহ,
356,道,道,みち,রাস্তা / পথ,
357,道,車道,しゃどう,গাড়ি চলার রাস্তা,
358,道,水道,すいどう,পানির সরবরাহ ব্যবস্থা,
359,道,書道,しょどう,জাপানি ক্যালিগ্রাফি,
360,今,今,いま,এখন,
361,今,今月,こんげつ,এই মাস,
362,今,今年,ことし,এই বছর,
363,今,今日,きょう,আজ,
364,会,会う,あう,দেখা করা,
365,会,会話,かいわ,কথোপকথন,
366,会,新年会,しんねんかい,নববর্ষের পার্টি,
367,会,会議,かいぎ,সভা,
368,社,社会,しゃかい,সমাজ,
369,社,会社,かいしゃ,কোম্পানি,
370,社,社長,しゃちょう,কোম্পানির সভাপতি,
371,社,神社,じんじゃ,শিন্তো মন্দির,
372,店,店,みせ,দোকান,
373,店,店員,てんいん,দোকানের কর্মচারী,
374,店,売店,ばいてん,স্টল / ছোট দোকান,
375,駅,駅,えき,স্টেশন,
376,駅,駅長,えきちょう,স্টেশন মাস্টার,
377,駅,駅前,えきまえ,স্টেশনের আশপাশ,
378,花,花,はな,ফুল,
379,花,花見,はなみ,চেরি ফুল দেখা,
380,花,花火,はなび,আতশবাজি,
381,花,花屋,はなや,ফুলের দোকান,
382,国,国,くに,দেশ / জাতি,
383,国,外国,がいこく,বিদেশ,
384,国,中国,ちゅうごく,চীন,
385,国,国際会議,こくさいかいぎ,আন্তর্জাতিক সম্মেলন,
386,白,白い,しろい,সাদা,
387,白,白書,はくしょ,সরকারি প্রতিবেদন,
388,白,真っ白,まっしろ,একেবারে সাদা,
389,空,空,そら,আকাশ,
390,空,空気,くうき,বাতাস,
391,空,大空,おおぞら,বিশাল আকাশ,
392,空,空港,くうこう,বিমানবন্দর,
393,電,電車,でんしゃ,ট্রেন,
394,電,電話,でんわ,টেলিফোন,
395,電,電気,でんき,বিদ্যুৎ / আলো,
396,電,電池,でんち,ব্যাটারি,
397,住,住む,すむ,বসবাস করা,
398,住,住民,じゅうみん,বাসিন্দা,
399,所,ところ,ところ,স্থান,
400,所,住所,じゅうしょ,ঠিকানা,
401,所,台所,だいどころ,রান্নাঘর,
402,所,場所,ばしょ,জায়গা,
403,京,東京,とうきょう,টোকিও,
404,都,東京都,とうきょうと,টোকিও মহানগর,
405,都,都合がいい,つごうがいい,সুবিধাজনক,
406,都,首都,しゅと,রাজধানী,
407,府,京都府,きょうとふ,কিয়োটো প্রিফেকচার,
408,府,大阪府,おおさかふ,ওসাকা প্রিফেকচার,
409,府,政府,せいふ,সরকার,
410,県,山口県,やまぐちけん,ইয়ামাগুচি প্রিফেকচার,
411,県,県知事,けんちじ,প্রিফেকচারাল গভর্নর,
412,市,京都市,きょうとし,কিয়োটো শহর,
413,市,市長,しちょう,মেয়র,
414,市,市場,いちば,বাজার,
415,区,北区,きたく,কিতা ওয়ার্ড,
416,区,文京区,ぶんきょうく,বুনকিয়ো ওয়ার্ড,
417,区,区長,くちょう,ওয়ার্ড মেয়র,
418,町,町,まち,শহর / জনপদ,
419,町,下町,したまち,শহরের পুরোনো এলাকা,
420,町,町長,ちょうちょう,শহরের নেতা / মেয়র,
421,村,村,むら,গ্রাম,
422,村,村人,むらびと,গ্রামবাসী,
423,村,村長,そんちょう,গ্রামের নেতা / মেয়র,
424,明,明るい,あかるい,উজ্জ্বল / প্রফুল্ল,
425,明,明日,あした/あす,আগামীকাল,
426,明,説明,せつめい,ব্যাখ্যা,
427,明,発明,はつめい,আবিষ্কার,
428,暗,暗い,くらい,অন্ধকার,
429,暗,暗号,あんごう,গোপন সংকেত,
430,遠,遠い,とい,দূর,
431,遠,遠足,えんそく,শিক্ষামূলক ভ্রমণ,
432,近,近い,ちかい,কাছাকাছি,
433,近,近所,きんじょ,আশপাশের এলাকা,
434,近,最近,さいきん,সম্প্রতি,
435,強,強い,つよい,শক্তিশালী,
436,強,勉強する,べんきょうする,পড়াশোনা করা,
437,強,強風,きょうふう,প্রবল বাতাস,
438,弱,弱い,よわい,দুর্বল,
439,弱,強弱,きょうじゃく,শক্তিশালী ও দুর্বল,
440,重,重い,おもい,ভারী,
441,重,重大な,じゅうだいな,গুরুত্বপূর্ণ,
442,重,体重,たいじゅう,শরীরের ওজন,
443,軽,軽い,かるい,হালকা,
444,軽,軽食,けいしょく,হালকা খাবার,
445,太,太い,ふとい,মোটা,
446,太,太陽,たいよう,সূর্য,
447,細,細い,ほそい,পাতলা,
448,細,細かい,こまかい,সূক্ষ্ম,
449,細,細工,さいく,কারুকাজ,
450,特,特に,とくに,বিশেষভাবে,
451,特,特別な,とくべつな,বিশেষ,
452,特,特急,とっきゅう,দ্রুতগামী ট্রেন,
453,別,別れる,わかれる,আলাদা হওয়া / বিদায় নেওয়া,
454,別,別々に,べつべつに,আলাদাভাবে,
455,別,区別する,くべつする,পার্থক্য করা,
456,別,分別する,ぶんべつする,শ্রেণিবদ্ধ করা,
457,有,有る,ある,থাকা / অস্তিত্ব থাকা,
458,有,有名な,ゆうめいな,বিখ্যাত,
459,有,有料,ゆうりょう,মূল্যযুক্ত / টাকা দিতে হয় এমন,
460,便,便り,たより,চিঠি / খবর,
461,便,郵便局,ゆうびんきょく,ডাকঘর,
462,便,船便,ふなびん,জাহাজযোগে ডাক,
463,利,便利な,べんりな,সুবিধাজনক,
464,利,利用する,りようする,ব্যবহার করা,
465,利,利子,りし,সুদ,
466,利,有利な,ゆうりな,সুবিধাজনক / লাভজনক,
467,不,不便な,ふべんな,অসুবিধাজনক,
468,不,不足する,ふそくする,ঘাটতি হওয়া,
469,不,不安な,ふあんな,উদ্বিগ্ন / চিন্তিত,
470,不,不運な,ふうんな,দুর্ভাগ্যজনক,
471,切,切る,きる,কাটা,
472,切,切手,きって,ডাকটিকিট,
473,切,大切な,たいせつな,গুরুত্বপূর্ণ,
474,切,親切な,しんせつな,দয়ালু,
475,元,元気な,げんきな,সুস্থ / প্রাণবন্ত,
476,元,元日,がんじつ,নববর্ষের প্রথম দিন,
477,元,紀元前,きげんぜん,খ্রিস্টপূর্ব,
478,好,好きな,すきな,পছন্দের,
479,好,好意,こうい,সদিচ্ছা / অনুরাগ,
480,好,好物,こうぶつ,প্রিয় খাবার,
481,急,急に,きゅうに,হঠাৎ,
482,急,特急,とっきゅう,দ্রুতগামী ট্রেন,
483,急,急ぐ,いそぐ,তাড়াহুড়ো করা,
484,急,急用,きゅうよう,জরুরি কাজ,
485,低,低い,ひくい,নিচু,
486,低,低下する,ていかする,কমে যাওয়া,
487,低,低気圧,ていきあつ,নিম্নচাপ,
488,広,広い,ひろい,প্রশস্ত / চওড়া,
489,広,広場,ひろば,চত্বর,
490,広,広大な,こうだいな,বিশাল,
491,短,短い,みじかい,খাটো / সংক্ষিপ্ত,
492,短,短時間,たんじかん,অল্প সময়,
493,良,良い,よい,ভালো,
494,良,良心,りょうしん,বিবেক,
495,悪,悪い,わるい,খারাপ,
496,悪,悪人,あくにん,খারাপ মানুষ,
497,正,正しい,ただしい,সঠিক,
498,正,正月,しょうがつ,নববর্ষ,
499,正,正門,せいもん,প্রধান ফটক,
500,変,変わる,かわる,পরিবর্তিত হওয়া,
501,変,変な,へんな,অদ্ভুত,
502,変,大変な,たいへんな,কঠিন / কষ্টকর,
503,変,変化する,へんかする,পরিবর্তিত হওয়া,
504,赤,赤い,あかい,লাল,
505,赤,赤ちゃん,あかちゃん,শিশু,
506,赤,赤信号,あかしんごう,লাল বাতি,
507,赤,赤道,せきどう,নিরক্ষরেখা,
508,青,青い,あおい,নীল,
509,青,青空,あおぞら,নীল আকাশ,
510,青,青春,せいしゅん,যৌবন,
511,黒,黒い,くろい,কালো,
512,黒,真っ黒,まっくろ,একেবারে কালো,
513,映,映す,うつす,প্রতিফলিত করা,
514,映,映画,えいが,সিনেমা,
515,映,映画館,えいがかん,সিনেমা হল,
516,画,計画,けいかく,পরিকল্পনা,
517,画,画家,がか,চিত্রশিল্পী,
518,画,日本画,にほんが,জাপানি চিত্রকলা,
519,音,音,おと,শব্দ,
520,音,発音,はつおん,উচ্চারণ,
521,音,高音,こうおん,উচ্চস্বর,
522,楽,楽しい,たのしい,আনন্দদায়ক,
523,楽,音楽,おんがく,সঙ্গীত,
524,楽,楽な,らくな,সহজ / আরামদায়ক,
525,歌,歌う,うたう,গান গাওয়া,
526,歌,歌手,かしゅ,গায়ক,
527,写,写真,しゃしん,ছবি,
528,写,写す,うつす,নকল করা / ছবি তোলা,
529,真,真ん中,まんなか,মাঝখান,
530,真,真っ白,まっしろ,একেবারে সাদা,
531,真,真実,しんじつ,সত্য,
532,旅,旅行する,りょこうする,ভ্রমণ করা,
533,旅,旅館,りょかん,জাপানি ধাঁচের হোটেল,
534,旅,旅,たび,ভ্রমণ,
535,世,世話をする,せわをする,যত্ন নেওয়া,
536,世,世の中,よのなか,দুনিয়া / সমাজ,
537,世,21世紀,にじゅういっせいき,২১শ শতাব্দী,
538,界,世界,せかい,বিশ্ব,
539,界,政界,せいかい,রাজনৈতিক জগৎ,
540,仕,仕事,しごと,কাজ / চাকরি,
541,仕,仕方ががない,しかたがない,কোনো উপায় নেই,
542,事,火事,かじ,আগুন / অগ্নিকাণ্ড,
543,事,用事,ようじ,কাজ,
544,事,大事な,だいじな,গুরুত্বপূর্ণ,
545,事,事,こと,বিষয় / ব্যাপার,
546,銀,銀行,ぎんこう,ব্যাংক,
547,銀,銀,ぎん,রূপা,
548,銀,銀座,ぎんざ,গিনজা,
549,員,会社員,かいしゃいん,কোম্পানির কর্মচারী,
550,員,銀行員,ぎんこういん,ব্যাংকের কর্মচারী,
551,員,店員,てんいん,দোকানের কর্মচারী,
552,員,会員,かいいん,সদস্য,
553,医,医者,いしゃ,ডাক্তার,
554,医,医学,いがく,চিকিৎসাবিজ্ঞান,
555,医,医院,いいん,ডাক্তারের চেম্বার,
556,者,者,もの,ব্যক্তি,
557,者,歯医者,はいしゃ,দাঁতের ডাক্তার,
558,者,学者,がくしゃ,পণ্ডিত / গবেষক,
559,者,作者,さくしゃ,লেখক,
560,働,働く,はたらく,কাজ করা,
561,働,労働者,ろうどうしゃ,শ্রমিক,
562,屋,本屋,ほんや,বইয়ের দোকান,
563,屋,屋上,おくじょう,ছাদ,
564,屋,八百屋,やおや,সবজির দোকান,
565,屋,部屋,へや,ঘর,
566,産,産む,うむ,জন্ম দেওয়া,
567,産,生産する,せいさんする,উৎপাদন করা,
568,産,財産,ざいさん,সম্পত্তি,
569,業,産業,さんぎょう,শিল্প,
570,業,工業,こうぎょう,শিল্প উৎপাদন,
571,業,授業,じゅぎょう,ক্লাস / পাঠ,
572,業,本日休業,ほんじつきゅうぎょう,আজ বন্ধ,
573,林,林,はやし,বন / জঙ্গল,
574,林,小林さん,こばやしさん,মি./মিস কোবায়াশি,
575,林,林道,りんどう,বনের রাস্তা,
576,森,森,もり,বন,
577,森,森さん,もりさん,মি./মিস মোরি,
578,森,森林,しんりん,বনভূমি,
579,地,地図,ちず,মানচিত্র,
580,地,地下鉄,ちかてつ,পাতাল রেল,
581,地,土地,とち,জমি,
582,地,地震,じしん,ভূমিকম্প,
583,池,池,いけ,পুকুর,
584,池,電池,でんち,ব্যাটারি,
585,海,海,うみ,সমুদ্র,
586,海,海外,かいがい,বিদেশে,
587,海,北海道,ほっかいどう,হোক্কাইদো,
588,洋,西洋,せいよう,পাশ্চাত্য,
589,洋,東洋,とうよう,প্রাচ্য,
590,洋,洋服,ようふく,পোশাক,
591,洋,大西洋,たいせいよう,আটলান্টিক মহাসাগর,
592,雪,雪,ゆき,তুষার,
593,雪,大雪,おおゆき,ভারী তুষারপাত,
594,雪,新雪,しんせつ,নতুন তুষার,
595,光,光,ひかり,আলো,
596,光,光る,ひかる,জ্বলা / চকচক করা,
597,光,日光,にっこう,সূর্যের আলো,
598,光,観光,かんこう,দর্শনীয় স্থান ভ্রমণ,
599,台,台,だい,টেবিল,
600,台,台所,だいどころ,রান্নাঘর,
601,台,〜台,〜だい,যন্ত্রপাতি গণনার কাউন্টার,
602,台,土台,どだい,ভিত্তি,
603,風,風,かぜ,বাতাস,
604,風,台風,たいふう,টাইফুন,
605,風,洋風,ようふう,পাশ্চাত্য ধাঁচ,
606,風,風景,ふうけい,দৃশ্য,
607,季,四季,しき,চার ঋতু,
608,節,季節,きせつ,ঋতু,
609,節,節分,せつぶん,ঐতিহ্যবাহী শীতের শেষ দিন,
610,春,春,はる,বসন্ত,
611,春,青春,せいしゅん,যৌবন,
612,夏,夏,なつ,গ্রীষ্ম,
613,夏,夏休み,なつやすみ,গ্রীষ্মকালীন ছুটি,
614,夏,夏まつり,なつまツり,গ্রীষ্মকালীন উৎসব,
615,夏,夏服,なつふく,গ্রীষ্মকালীন পোশাক,
616,秋,秋,あき,শরৎ,
617,秋,秋田県,あきたけん,আকিতা প্রিফেকচার,
618,秋,秋分の日,しゅうぶんのひ,শরৎ বিষুব দিবস,
619,冬,冬,ふゆ,শীত,
620,冬,冬休み,ふゆやすみ,শীতকালীন ছুটি,
621,冬,春夏秋冬,しゅんかしゅうとう,"বসন্ত, গ্রীষ্ম, শরৎ, শীত",
622,暑,暑い,あつい,গরম,
623,暑,残暑,ざんしょ,গ্রীষ্মের শেষের গরম,
624,寒,寒い,さむい,ঠান্ডা,
625,寒,寒波,かんぱ,শৈত্যপ্রবাহ,
626,暖,暖かい,あたたかい,উষ্ণ,
627,暖,暖冬,だんとう,উষ্ণ শীত,
628,暖,暖房,だんぼう,উষ্ণীকরণ / হিটিং,
629,暖,温暖化,おんだんか,বৈশ্বিক উষ্ণায়ন,
630,涼,涼しい,すずしい,শীতল,
631,涼,涼風,りょうふう,শীতল বাতাস,
632,体,体,からだ,শরীর,
633,体,体力,たいりょく,শারীরিক শক্তি,
634,体,体重,たいじゅう,শরীরের ওজন,
635,頭,頭,あたま,মাথা,
636,頭,頭がいい,あたまがいい,বুদ্ধিমান,
637,頭,頭痛,ずつう,মাথাব্যথা,
638,顔,顔,かお,মুখ,
639,顔,顔色,かおいろ,মুখের রং / চেহারার অবস্থা,
640,首,首,くび,ঘাড়,
641,首,首都,しゅと,রাজধানী,
642,首,手首,てくび,কবজি,
643,首,首相,しゅしょう,প্রধানমন্ত্রী,
644,心,心,こころ,হৃদয় / মন,
645,心,安心する,あんしんする,নিশ্চিন্ত হওয়া,
646,心,心配する,しんぱいする,চিন্তা করা,
647,心,中心,ちゅうしん,কেন্দ্র,
648,声,声,こえ,কণ্ঠস্বর,
649,声,大声,おおごえ,জোরে কণ্ঠস্বর,
650,病,病気,びょうき,অসুস্থতা,
651,病,病院,びょういん,হাসপাতাল,
652,病,病人,びょうにん,অসুস্থ ব্যক্তি,
653,病,急病,きゅうびょう,হঠাৎ অসুস্থতা,
654,薬,薬,くすり,ওষুধ,
655,薬,目薬,めぐすり,চোখের ওষুধ,
656,薬,薬品,やくひん,ঔষধ / রাসায়নিক দ্রব্য,
657,科,科学,かがく,বিজ্ঞান,
658,科,教科書,きょうかしょ,পাঠ্যবই,
659,科,外科,げか,শল্যচিকিৎসা,
660,内,内側,うちがわ,ভেতরের দিক,
661,内,内科,ないか,অভ্যন্তরীণ চিকিৎসা বিভাগ,
662,内,車内,しゃない,গাড়ির ভিতরে,
663,内,案内する,あんないする,পথ দেখানো / নির্দেশনা দেওয়া,
664,朝,朝,あさ,সকাল,
665,朝,今朝,けさ,আজ সকাল,
666,朝,朝日,あさひ,সকালের সূর্য,
667,朝,朝食,ちょうしょく,সকালের নাস্তা,
668,昼,昼,ひる,দুপুর,
669,昼,昼休み,ひるやすみ,দুপুরের বিরতি,
670,昼,昼ご飯,ひるごはん,দুপুরের খাবার,
671,昼,昼食,ちゅうしょく,দুপুরের খাবার,
672,夜,夜,よる,রাত,
673,夜,今夜,こんや,আজ রাতে,
674,夜,夜店,よみせ,রাতের দোকান,
675,夜,夜食,やしょく,রাতের হালকা খাবার,
676,夕,夕日,ゆうひ,সূর্যাস্ত,
677,夕,夕食,ゆうしょく,রাতের খাবার,
678,夕,七夕,たなばた,তানাবাতা উৎসব,
679,方,読み方,よみかた,পড়ার পদ্ধতি,
680,方,夕方,ゆうがた,সন্ধ্যা,
681,方,あの方,あのかた,ওই ব্যক্তি,
682,方,方法,ほうほう,পদ্ধতি,
683,晩,今晩,こんばん,আজ রাতে,
684,晩,毎晩,まいばん,প্রতি রাতে,
685,晩,晩ご飯,ばんごはん,রাতের খাবার,
686,計,時計,とけい,ঘড়ি,
687,計,計画,けいかく,পরিকল্পনা,
688,計,計る,はかる,পরিমাপ করা,
689,計,合計,ごうけい,মোট,
690,曜,日曜日,にちようび,রবিবার,
691,曜,水曜日,すいようび,বুধবার,
692,曜,何曜日,なんようび,সপ্তাহের কোন দিন,
693,以,以上,いじょう,এর চেয়ে বেশি / বা তার বেশি,
694,以,以下,いか,এর চেয়ে কম / বা তার কম,
695,以,以外,いがい,ছাড়া,
696,以,以前,いぜん,আগে / পূর্বে,
697,度,一度,いちど,একবার,
698,度,今度,こんど,পরের বার,
699,度,25度,にじゅうごど,২৫ ডিগ্রি,
700,度,温度,おんど,তাপমাত্রা,
701,止,止まる,とまる,থেমে যাওয়া,
702,止,中止する,ちゅうしする,বাতিল করা,
703,止,一時停止,いちじていし,সাময়িক থামা / স্টপ চিহ্ন,
704,歩,歩く,あるく,হাঁটা,
705,歩,散歩する,さんぽする,হাঁটতে যাওয়া,
706,歩,進歩する,しんぽする,উন্নতি করা,
707,歩,横断歩道,おうだんほどう,পথচারী পারাপারের রাস্তা,
708,走,走る,はしる,দৌড়ানো,
709,走,力走する,りきそうする,যত দ্রুত সম্ভব দৌড়ানো,
710,起,起きる,おきる,ঘুম থেকে ওঠা,
711,起,早起き,はやおき,ভোরে ওঠা,
712,起,起業家,きぎょうか,উদ্যোক্তা,
713,持,持つ,もつ,ধরে রাখা / থাকা,
714,持,気持ち,きもち,অনুভূতি,
715,持,持ち物,もちもの,ব্যক্তিগত জিনিসপত্র,
716,持,支持する,しじする,সমর্থন করা,
717,待,待つ,まつ,অপেক্ষা করা,
718,待,待ち合わせ,まちあわせ,সাক্ষাতের নির্ধারিত স্থান ও সময়,
719,待,招待する,しょうたいする,আমন্ত্রণ করা,
720,待,期待する,きたいする,আশা করা / প্রত্যাশা করা,
721,借,借りる,かりる,ধার নেওয়া,
722,借,借金,しゃっきん,ঋণ,
723,貸,貸す,かす,ধার দেওয়া,
724,貸,貸家,かしや,ভাড়ার বাড়ি,
725,貸,賃貸マンション,ちんたいマンション,ভাড়ার অ্যাপার্টমেন্ট,
726,始,始める,はじめる,শুরু করা,
727,始,開始する,かいしする,শুরু করা,
728,始,始発,しはつ,প্রথম ট্রেন,
729,終,終わる,おわる,শেষ হওয়া,
730,終,終電,しゅうでん,শেষ ট্রেন,
731,終,最終回,さいしゅうかい,শেষ পর্ব,
732,家,家,いえ,বাড়ি,
733,家,画家,がか,চিত্রশিল্পী,
734,家,家内,かない,স্ত্রী,
735,家,家庭,かてい,পরিবার / গৃহস্থালি,
736,族,家族,かぞく,পরিবার,
737,族,民族,みんぞく,জাতিগোষ্ঠী,
738,族,水族館,すいぞくかん,অ্যাকোয়ারিয়াম,
739,私,私,わたし / わたくし,আমি,
740,私,私立大学,しりつだいがく,বেসরকারি বিশ্ববিদ্যালয়,
741,私,私生活,しせいかつ,ব্যক্তিগত জীবন,
742,自,自分,じぶん,নিজে / নিজেকে,
743,自,自動ドア,じどうドア,স্বয়ংক্রিয় দরজা,
744,自,自由,じゆう,স্বাধীনতা,
745,自,自然,しぜん,প্রকৃতি,
746,親,親,おや,বাবা-মা,
747,親,母親,ははおや,মা,
748,親,親切な,しんせつな,দয়ালু,
749,親,親しい,したしい,ঘনিষ্ঠ,
750,両,両親,りょうしん,বাবা-মা,
751,両,両方,りょうほう,উভয়,
752,両,両手,りょうて,দুই হাত,
753,両,両替え,りょうがえ,মুদ্রা বিনিময়,
754,兄,兄,あに,বড় ভাই,
755,兄,お兄さん,おにいさん,বড় ভাই,
756,弟,弟,おとうと,ছোট ভাই,
757,弟,兄弟,きょうだい,ভাই-বোন,
758,姉,姉,あね,বড় বোন,
759,姉,お姉さん,おねえさん,বড় বোন,
760,妹,妹,いもうと,ছোট বোন,
761,妹,姉妹,しまい,বোনেরা,
762,妹,姉妹都市,しまいとし,ভ্রাতৃপ্রতিম শহর,
763,活,生活,せいかつ,জীবনযাপন / জীবন,
764,活,活動,かつどう,কার্যকলাপ,
765,活,活発な,かっぱつな,সক্রিয় / প্রাণবন্ত,
766,回,回す,まわす,ঘোরানো,
767,回,1回,いっかい,একবার,
768,回,前回,ぜんかい,গতবার,
769,回,回転ずし,かいてんずし,কনভেয়র বেল্ট সুশি,
770,主,主人,しゅじん,স্বামী / মালিক,
771,主,主食,しゅしょく,প্রধান খাবার,
772,主,主な,おもな,প্রধান,
773,主,持ち主,もちぬし,মালিক,
774,色,色,いろ,রং,
775,色,茶色,ちゃいろ,বাদামি,
776,色,特色,とくしょく,বৈশিষ্ট্য,
777,色,景色,けしき,দৃশ্য,
778,形,形,かたち,আকার / আকৃতি,
779,形,人形,にんぎょう,পুতুল,
780,形,正方形,せいほうけい,বর্গক্ষেত্র,
781,形,図形,ずけい,জ্যামিতিক আকৃতি / চিত্র,
782,品,品物,しなもの,পণ্য / জিনিস,
783,品,食料品,しょくりょうひん,খাদ্যসামগ্রী,
784,品,電気製品,でんきせいひん,বৈদ্যুতিক যন্ত্রপাতি,
785,品,作品,さくひん,শিল্পকর্ম / সৃষ্টি,
786,民,国民,こくみん,দেশের নাগরিক,
787,民,市民,しみん,নাগরিক,
788,民,民族,みんぞく,জাতিগোষ্ঠী,
789,民,民主主義,みんしゅしゅぎ,গণতন্ত্র,
790,服,服,ふく,পোশাক,
791,服,洋服,ようふく,পাশ্চাত্য পোশাক,
792,服,和服,わふく,জাপানি পোশাক,
793,服,制服,せいふく,ইউনিফর্ম,
794,犬,犬,いぬ,কুকুর,
795,犬,子犬,こいぬ,কুকুরছানা,
796,犬,日本犬,にほんけん,জাপানি কুকুর,
797,同,同じ,おなじ,একই,
798,同,同時に,どうじに,একই সময়ে,
799,同,同級生,どうきゅうせい,সহপাঠী,
800,米,米,こめ,চাল,
801,米,米国,べいこく,মার্কিন যুক্তরাষ্ট্র,
802,米,白米,はくまい,সাদা চাল,
803,料,料金,りょうきん,ফি / খরচ,
804,料,食料品,しょくりょうひん,খাদ্যসামগ্রী,
805,料,資料,しりょう,তথ্য / নথিপত্র,
806,料,材料,ざいりょう,উপকরণ / উপাদান,
807,理,料理,りょうり,রান্না,
808,理,地理,ちり,ভূগোল,
809,理,無理な,むりな,অসম্ভব,
810,理,理由,りゆう,কারণ,
811,肉,肉,にく,মাংস,
812,肉,牛肉,ぎゅうにく,গরুর মাংস,
813,肉,肉屋,にくや,মাংসের দোকান,
814,肉,筋肉,きんにく,পেশি,
815,鳥,鳥,とり,পাখি,
816,鳥,小鳥,ことり,ছোট পাখি,
817,鳥,白鳥,はくちょう,রাজহাঁস,
818,野,野原,のはら,মাঠ,
819,野,野鳥,やちょう,বন্য পাখি,
820,野,分野,ぶんや,ক্ষেত্র / বিষয়,
821,菜,野菜,やさい,সবজি,
822,菜,菜食,さいしょく,নিরামিষ খাদ্য,
823,菜,青菜,あおな,শাকসবজি,
824,茶,お茶,おちゃ,চা / সবুজ চা,
825,茶,茶色,ちゃいろ,বাদামি,
826,茶,喫茶店,きっさてん,ক্যাফে,
827,茶,紅茶,こうちゃ,কালো চা,
828,飯,ご飯,ごはん,ভাত / খাবার,
829,飯,夕飯,ゆうはん,রাতের খাবার,
830,飯,晩ご飯,ばんごはん,রাতের খাবার,
831,飯,昼飯,ひるめし,দুপুরের খাবার,
832,味,味,あじ,স্বাদ,
833,味,意味,いみ,অর্থ,
834,味,趣味,しゅみ,শখ,
835,味,興味,きょうみ,আগ্রহ,
836,代,代わる,かわる,কারও জায়গা নেওয়া / বদলি হওয়া,
837,代,代わりに,かわりに,পরিবর্তে,
838,代,時代,じだい,যুগ,
839,代,ガス代,ガスだい,গ্যাসের বিল,
840,使,使う,つかう,ব্যবহার করা,
841,使,大使館,たいしかん,দূতাবাস,
842,使,使用中,しようちゅう,ব্যবহারে আছে,
843,作,作る,つくる,তৈরি করা,
844,作,作文,さくぶん,রচনা,
845,作,作家,さっか,লেখক,
846,作,作業,さぎょう,কাজ / কার্যক্রম,
847,化,変化する,へんかする,পরিবর্তিত হওয়া,
848,化,文化,ぶんか,সংস্কৃতি,
849,化,化学,かがく,রসায়ন,
850,化,映画化,えいがか,চলচ্চিত্রে রূপান্তর,
851,信,信じる,しんじる,বিশ্বাস করা,
852,信,信号,しんごう,সংকেত / ট্রাফিক বাতি,
853,信,自信,じしん,আত্মবিশ্বাস,
854,信,通信,つうしん,যোগাযোগ,
855,進,進む,すすむ,এগিয়ে যাওয়া,
856,進,進歩,しんぽ,অগ্রগতি,
857,進,先進国,せんしんこく,উন্নত দেশ,
858,送,送る,おくる,পাঠানো,
859,送,送金,そうきん,টাকা পাঠানো,
860,送,放送,ほうそう,সম্প্রচার,
861,送,送信,そうしん,পাঠানো (ই-মেইল),
862,返,返す,かえす,ফেরত দেওয়া,
863,返,返事,へんじ,উত্তর / জবাব,
864,返,返信,へんしん,জবাব (ই-মেইল),
865,返,繰り返す,くりかえす,পুনরাবৃত্তি করা,
866,洗,洗う,あらう,ধোয়া,
867,洗,手洗い,てあらい,হাত ধোয়া,
868,洗,お手洗い,おてあらい,শৌচাগার,
869,洗,洗濯,せんたく,কাপড় ধোয়া / ধোলাই,
870,注,注意する,ちゅういする,সতর্ক হওয়া,
871,注,注文する,ちゅうもんする,অর্ডার করা,
872,注,注射,ちゅうしゃ,ইনজেকশন,
873,場,場所,ばしょ,জায়গা,
874,場,工場,こうじょう,কারখানা,
875,場,広場,ひろば,চত্বর,
876,場,運動場,うんどうじょう,খেলার মাঠ,
877,建,建てる,たてる,নির্মাণ করা,
878,建,建物,たてもの,ভবন,
879,建,建築,けんちく,নির্মাণ / স্থাপত্য,
880,物,物,もの,জিনিস,
881,物,買い物,かいもの,কেনাকাটা,
882,物,動物,どうぶつ,প্রাণী,
883,物,荷物,にもつ,সামগ্রী / লাগেজ,
884,院,病院,びょういん,হাসপাতাল,
885,院,入院する,にゅういんする,হাসপাতালে ভর্তি হওয়া,
886,院,大学院,だいがくいん,স্নাতকোত্তর বিদ্যালয়,
887,館,映画館,えいがかん,সিনেমা হল,
888,館,大使館,たいしかん,দূতাবাস,
889,館,旅館,りょかん,জাপানি সরাইখানা,
890,館,美術館,びじゅつかん,শিল্প জাদুঘর,
891,堂,食堂,しょくどう,খাবার ঘর / ক্যান্টিন,
892,堂,講堂,こうどう,অডিটোরিয়াম,
893,室,教室,きょうしつ,শ্রেণিকক্ষ,
894,室,地下室,ちかしつ,ভূগর্ভস্থ কক্ষ,
895,室,待合室,まちあいしつ,অপেক্ষাকক্ষ,
896,室,事務室,じむしつ,অফিস কক্ষ,
897,工,工場,こうじょう,কারখানা,
898,工,工事,こうじ,নির্মাণকাজ,
899,工,工業,こうぎょう,শিল্প / উৎপাদন শিল্প,
900,工,工作,こうさく,হস্তশিল্প,
901,図,図,ず,চিত্র / অঙ্কন,
902,図,地図,ちず,মানচিত্র,
903,図,図書館,としょかん,গ্রন্থাগার,
904,図,合図,あいず,সংকেত,
905,号,信号,しんごう,সংকেত / ট্রাফিক বাতি,
906,号,電話番号,でんわばんごう,টেলিফোন নম্বর,
907,号,3号室,さんごうしつ,৩ নম্বর কক্ষ,
908,号,号令,ごうれい,আদেশ,
909,交,交通,こうつう,যাতায়াত / ট্রাফিক,
910,交,交差点,こうさてん,চৌরাস্তা / সংযোগস্থল,
911,交,交番,こうばん,পুলিশ ফাঁড়ি,
912,交,交代,こうたい,পালা পরিবর্তন / বদলি,
913,通,通る,とおる,মধ্য দিয়ে যাওয়া / অতিক্রম করা,
914,通,通う,かよう,নিয়মিত যাতায়াত করা,
915,通,通学,つうがく,স্কুলে যাতায়াত,
916,通,大通り,おおどおり,প্রধান সড়ক,
917,動,動く,うごく,নড়া / চলা,
918,動,運動,うんどう,ব্যায়াম / খেলাধুলা,
919,動,自動車,じどうしゃ,গাড়ি / মোটরগাড়ি,
920,動,動物,どうぶつ,প্রাণী,
921,乗,乗る,のる,চড়া,
922,乗,タクシー乗り場,タクシーのりば,ট্যাক্সি দাঁড়ানোর স্থান,
923,乗,乗車券,じょうしゃけん,যাত্রার টিকিট,
924,降,降りる,おりる,নামা,
925,降,(雨が)降る,ふる,(বৃষ্টি) পড়া,
926,降,乗り降り,のりおり,ওঠা-নামা,
927,降,降水量,こうすいりょう,বৃষ্টিপাতের পরিমাণ,
928,運,運ぶ,はこぶ,বহন করা / পরিবহন করা,
929,運,運動,うんどう,ব্যায়াম,
930,運,運がいい,うんがいい,ভাগ্যবান,
931,運,運賃,うんちん,ভাড়া,
932,転,運転する,うんてんする,গাড়ি চালানো,
933,転,自転車,じてんしゃ,সাইকেল,
934,転,回転,かいてん,ঘূর্ণন,
935,転,転勤,てんきん,চাকরির বদলি,
936,帰,帰る,かえる,ফিরে যাওয়া / বাড়ি ফেরা,
937,帰,帰国する,きこくする,নিজ দেশে ফিরে যাওয়া,
938,帰,お帰りなさい,おかえりなさい,বাড়িতে স্বাগতম,
939,発,出発する,しゅっぱつする,রওনা হওয়া / প্রস্থান করা,
940,発,発見,はっけん,আবিষ্কার,
941,発,発明,はつめい,উদ্ভাবন,
942,発,発車,はっしゃ,যানবাহন ছেড়ে যাওয়া,
943,着,着る,きる,পোশাক পরা,
944,着,着く,つく,পৌঁছানো,
945,着,着物,きもの,কিমোনো / পোশাক,
946,着,着信(メール),ちゃくしん,আগত ই-মেইল / কল,
947,漢,漢字,かんじ,চীনা অক্ষর,
948,漢,漢方薬,かんぽうやく,চীনা ভেষজ ওষুধ,
949,字,字,じ,অক্ষর,
950,字,漢字,かんじ,চীনা অক্ষর,
951,字,活字,かつじ,মুদ্রিত অক্ষর,
952,字,習字,しゅうじ,ক্যালিগ্রাফি,
953,文,文,ぶん,বাক্য,
954,文,文学,ぶんがく,সাহিত্য,
955,文,文字,もじ,অক্ষর,
956,文,注文する,ちゅうもんする,অর্ডার করা,
957,教,教える,おしえる,শেখানো,
958,教,教室,きょうしつ,শ্রেণিকক্ষ,
959,教,教科書,きょうかしょ,পাঠ্যবই,
960,教,教会,きょうかい,গির্জা,
961,勉,勉強する,べんきょうする,পড়াশোনা করা,
962,習,習う,ならう,শেখা,
963,習,練習,れんしゅう,অনুশীলন,
964,習,復習する,ふくしゅうする,পুনরায় পড়া,
965,習,習慣,しゅうかん,অভ্যাস,
966,英,英語,えいご,ইংরেজি ভাষা,
967,英,英国,えいこく,ইংল্যান্ড / যুক্তরাজ্য,
968,英,英雄,えいゆう,বীর / নায়ক,
969,考,考える,かんがえる,চিন্তা করা,
970,考,考古学,こうこがく,প্রত্নতত্ত্ব,
971,考,参考書,さんこうしょ,সহায়ক বই / রেফারেন্স বই,
972,研,研究する,けんきゅうする,গবেষণা করা,
973,究,研究者,けんきゅうしゃ,গবেষক,
974,究,研究室,けんきゅうしつ,গবেষণাগার / অধ্যাপকের কক্ষ,
975,問,問い,とい,প্রশ্ন,
976,問,問題,もんだい,প্রশ্ন / সমস্যা,
977,問,質問する,しつもんする,প্রশ্ন করা,
978,題,題名,だいめい,শিরোনাম,
979,題,問題,もんだい,প্রশ্ন / সমস্যা,
980,題,宿題,しゅくだい,বাড়ির কাজ,
981,題,話題,わだい,আলোচনার বিষয়,
982,試,試合,しあい,খেলা / ম্যাচ,
983,試,試験,しけん,পরীক্ষা,
984,試,入試,にゅうし,ভর্তি পরীক্ষা,
985,試,試す,ためす,চেষ্টা করা / পরীক্ষা করা,
986,験,試験,しけん,পরীক্ষা,
987,験,実験,じっけん,পরীক্ষা / পরীক্ষামূলক কাজ,
988,験,経験,けいけん,অভিজ্ঞতা,
989,験,受験する,じゅけんする,পরীক্ষায় অংশগ্রহণ করা,
990,質,質問する,しつもんする,প্রশ্ন করা,
991,質,品質,ひんしつ,গুণমান,
992,合,間に合う,まにあう,সময়মতো হওয়া,
993,合,試合,しあい,খেলা / ম্যাচ,
994,合,場合,ばあい,ক্ষেত্র / পরিস্থিতি,
995,合,都合がいい,つごうがいい,সুবিধাজনক,
996,答,答える,こたえる,উত্তর দেওয়া,
997,答,答え,こたえ,উত্তর,
998,答,解答,かいとう,উত্তর / সমাধান,
999,用,用事,ようじ,কাজ / জরুরি কাজ,
1000,用,利用する,りようする,ব্যবহার করা,
1001,用,子ども用,こどもよう,শিশুদের জন্য,
1002,用,使用禁止,しようきんし,ব্যবহার নিষেধ,
1003,紙,紙,かみ,কাগজ,
1004,紙,手紙,てがみ,চিঠি,
1005,紙,コピー用紙,コピーようし,ফটোকপি করার কাগজ,
1006,紙,新聞紙,しんぶんし,সংবাদপত্রের এক টুকরা কাগজ,
1007,意,意味,いみ,অর্থ,
1008,意,注意する,ちゅういする,সতর্ক হওয়া,
1009,意,用意する,よういする,প্রস্তুত করা,
1010,意,意見,いけん,মতামত,
1011,引,引く,ひく,টানা,
1012,引,引き出し,ひきだし,ড্রয়ার / টাকা তোলা,
1013,引,引力,いんりょく,মহাকর্ষ,
1014,開,開ける,あける,খোলা,
1015,開,開く,ひらく,খোলা,
1016,開,開店,かいてん,দোকান খোলা,
1017,開,開始する,かいしする,শুরু করা,
1018,閉,閉める,しめる,বন্ধ করা,
1019,閉,閉じる,とじる,বন্ধ করা,
1020,閉,閉館する,へいかんする,প্রতিষ্ঠান বন্ধ করা,
1021,閉,閉会式,へいかいしき,সমাপনী অনুষ্ঠান,
1022,去,去年,きょねん,গত বছর,
1023,去,過去,かこ,অতীত,
1024,去,消去,しょうきょ,মুছে ফেলা / বিলোপ,
1025,死,死ぬ,しぬ,মারা যাওয়া,
1026,死,死者,ししゃ,মৃত ব্যক্তি,
1027,死,急死,きゅうし,আকস্মিক মৃত্যু,
1028,死,病死,びょうし,রোগে মারা যাওয়া,
1029,集,集める,あつめる,সংগ্রহ করা,
1030,集,集まる,あつまる,জড়ো হওয়া,
1031,集,文集,ぶんしゅう,রচনাসংকলন,
1032,集,集合する,しゅうごうする,একত্রিত হওয়া,
1033,知,知る,しる,জানা,
1034,知,知り合い,しりあい,পরিচিত ব্যক্তি,
1035,知,通知,つうち,বিজ্ঞপ্তি,
1036,知,知識,ちしき,জ্ঞান,
1037,売,売る,うる,বিক্রি করা,
1038,売,売店,ばいてん,স্টল / ছোট দোকান,
1039,売,売り場,うりば,বিক্রয়স্থান,
1040,売,自動販売機,じどうはんばいき,স্বয়ংক্রিয় বিক্রয়যন্ত্র,
1041,説,説明する,せつめいする,ব্যাখ্যা করা,
1042,説,小説,しょうせつ,উপন্যাস,
1043,思,思う,おもう,মনে করা / ভাবা,
1044,思,思い出す,おもいだす,মনে করা / স্মরণ করা,
1045,思,思い出,おもいで,স্মৃতি,
1046,思,思想,しそう,চিন্তাধারা / মতাদর্শ,